{
    "threshold": 0.09090869,
    "accuracy": 0.9994184612131252,
    "precision": 0.8444444444444444,
    "recall": 0.8,
    "f1_score": 0.8216216216216217,
    "classification_report": {
        "0": {
            "precision": 0.9996646427562835,
            "recall": 0.9997528728530829,
            "f1-score": 0.9997087558579788,
            "support": 56651.0
        },
        "1": {
            "precision": 0.8444444444444444,
            "recall": 0.8,
            "f1-score": 0.8216216216216217,
            "support": 95.0
        },
        "accuracy": 0.9994184612131252,
        "macro avg": {
            "precision": 0.922054543600364,
            "recall": 0.8998764364265415,
            "f1-score": 0.9106651887398003,
            "support": 56746.0
        },
        "weighted avg": {
            "precision": 0.9994047844607274,
            "recall": 0.9994184612131252,
            "f1-score": 0.999410615411913,
            "support": 56746.0
        }
    }
}