{
    "threshold": 0.111,
    "accuracy": 0.9986783209389208,
    "precision": 0.5746268656716418,
    "recall": 0.8105263157894737,
    "f1_score": 0.6724890829694323,
    "classification_report": {
        "0": {
            "precision": 0.9996820462092842,
            "recall": 0.9989938394732661,
            "f1-score": 0.9993378243557031,
            "support": 56651.0
        },
        "1": {
            "precision": 0.5746268656716418,
            "recall": 0.8105263157894737,
            "f1-score": 0.6724890829694323,
            "support": 95.0
        },
        "accuracy": 0.9986783209389208,
        "macro avg": {
            "precision": 0.7871544559404631,
            "recall": 0.9047600776313699,
            "f1-score": 0.8359134536625676,
            "support": 56746.0
        },
        "weighted avg": {
            "precision": 0.9989704499355191,
            "recall": 0.9986783209389208,
            "f1-score": 0.9987906381147046,
            "support": 56746.0
        }
    }
}